,iteration,index,x_1,x_2
0,0.0,1.0,1.14097040299,8.83875831178
1,1.0,1.0,1.14097040299,8.83875831178
2,2.0,1.0,1.14097040299,8.83875831178
