,iteration,index,x_1,x_2
0,0.0,1.0,-0.510372517827,5.09782170681
1,1.0,1.0,-0.510372517827,5.09782170681
2,2.0,1.0,-0.510372517827,5.09782170681
