,iteration,index,x_1,x_2
0,0.0,1.0,-0.579659972315,4.83641239171
1,1.0,1.0,-0.579659972315,4.83641239171
2,2.0,1.0,-0.579659972315,4.83641239171
