,iteration,index,x_1,x_2
0,0.0,1.0,1.57715362258,0.860256225293
1,0.0,2.0,1.64515704694,0.590771655127
2,1.0,1.0,1.57715362258,0.860256225293
3,1.0,2.0,1.64515704694,0.590771655127
4,2.0,1.0,1.4424113375,0.72551394021
5,2.0,2.0,5.11936348611,0.456029370044
6,3.0,1.0,1.4424113375,0.72551394021
7,3.0,2.0,5.11936348611,0.456029370044
8,4.0,1.0,1.4424113375,0.72551394021
9,4.0,2.0,5.11936348611,0.456029370044
